BDS00001;1;Firm;Open
BDS00002;1;Firm;Open
BDS00003;1;Firm;Open
BDS00004;1;Firm;Closed
BDS00005;1;Firm;Closed
BDS00006;1;Firm;Closed
BDS00007;1;Foam;Open
BDS00008;1;Foam;Open
BDS00009;1;Foam;Open
BDS00010;1;Foam;Closed
BDS00011;1;Foam;Closed
BDS00012;1;Foam;Closed
BDS00013;2;Firm;Open
BDS00014;2;Firm;Open
BDS00015;2;Firm;Open
BDS00016;2;Firm;Closed
BDS00017;2;Firm;Closed
BDS00018;2;Firm;Closed
BDS00019;2;Foam;Open
BDS00020;2;Foam;Open
BDS00021;2;Foam;Open
BDS00022;2;Foam;Closed
BDS00023;2;Foam;Closed
BDS00024;2;Foam;Closed
BDS00025;3;Firm;Closed
BDS00026;3;Firm;Closed
BDS00027;3;Firm;Closed
BDS00028;3;Firm;Open
BDS00029;3;Firm;Open
BDS00030;3;Firm;Open
BDS00031;3;Foam;Open
BDS00032;3;Foam;Open
BDS00033;3;Foam;Open
BDS00034;3;Foam;Closed
BDS00035;3;Foam;Closed
BDS00036;3;Foam;Closed
BDS00037;4;Firm;Open
BDS00038;4;Firm;Open
BDS00039;4;Firm;Open
BDS00040;4;Foam;Open
BDS00041;4;Foam;Open
BDS00042;4;Foam;Open
BDS00043;4;Foam;Closed
BDS00044;4;Foam;Closed
BDS00045;4;Foam;Closed
BDS00046;4;Firm;Closed
BDS00047;4;Firm;Closed
BDS00048;4;Firm;Closed
BDS00049;5;Firm;Closed
BDS00050;5;Firm;Closed
BDS00051;5;Firm;Closed
BDS00052;5;Foam;Closed
BDS00053;5;Foam;Closed
BDS00054;5;Foam;Closed
BDS00055;5;Firm;Open
BDS00056;5;Firm;Open
BDS00057;5;Firm;Open
BDS00058;5;Foam;Open
BDS00059;5;Foam;Open
BDS00060;5;Foam;Open
BDS00061;6;Foam;Open
BDS00062;6;Foam;Open
BDS00063;6;Foam;Open
BDS00064;6;Foam;Closed
BDS00065;6;Foam;Closed
BDS00066;6;Foam;Closed
BDS00067;6;Firm;Open
BDS00068;6;Firm;Open
BDS00069;6;Firm;Closed
BDS00070;6;Firm;Closed
BDS00071;6;Firm;Closed
BDS00072;6;Firm;Open
BDS00073;7;Firm;Open
BDS00074;7;Firm;Open
BDS00075;7;Firm;Open
BDS00076;7;Foam;Closed
BDS00077;7;Foam;Closed
BDS00078;7;Foam;Closed
BDS00079;7;Firm;Closed
BDS00080;7;Firm;Closed
BDS00081;7;Firm;Closed
BDS00082;7;Foam;Open
BDS00083;7;Foam;Open
BDS00084;7;Foam;Open
BDS00085;8;Foam;Open
BDS00086;8;Foam;Open
BDS00087;8;Foam;Open
BDS00088;8;Firm;Open
BDS00089;8;Firm;Open
BDS00090;8;Firm;Open
BDS00091;8;Foam;Closed
BDS00092;8;Foam;Closed
BDS00093;8;Foam;Closed
BDS00094;8;Firm;Closed
BDS00095;8;Firm;Closed
BDS00096;8;Firm;Closed
BDS00097;9;Firm;Open
BDS00098;9;Firm;Open
BDS00099;9;Firm;Open
BDS00100;9;Firm;Closed
BDS00101;9;Firm;Closed
BDS00102;9;Firm;Closed
BDS00103;9;Foam;Open
BDS00104;9;Foam;Open
BDS00105;9;Foam;Open
BDS00106;9;Foam;Closed
BDS00107;9;Foam;Closed
BDS00108;9;Foam;Closed
BDS00109;10;Firm;Closed
BDS00110;10;Firm;Closed
BDS00111;10;Firm;Closed
BDS00112;10;Foam;Closed
BDS00113;10;Foam;Closed
BDS00114;10;Foam;Closed
BDS00115;10;Firm;Open
BDS00116;10;Firm;Open
BDS00117;10;Firm;Open
BDS00118;10;Foam;Open
BDS00119;10;Foam;Open
BDS00120;10;Foam;Open
BDS00121;11;Firm;Closed
BDS00122;11;Firm;Closed
BDS00123;11;Firm;Closed
BDS00124;11;Foam;Closed
BDS00125;11;Foam;Closed
BDS00126;11;Foam;Closed
BDS00127;11;Firm;Open
BDS00128;11;Firm;Open
BDS00129;11;Firm;Open
BDS00130;11;Foam;Open
BDS00131;11;Foam;Open
BDS00132;11;Foam;Open
BDS00133;12;Foam;Closed
BDS00134;12;Foam;Closed
BDS00135;12;Foam;Closed
BDS00136;12;Firm;Closed
BDS00137;12;Firm;Closed
BDS00138;12;Firm;Closed
BDS00139;12;Firm;Open
BDS00140;12;Firm;Open
BDS00141;12;Firm;Open
BDS00142;12;Foam;Open
BDS00143;12;Foam;Open
BDS00144;12;Foam;Open
BDS00145;13;Firm;Open
BDS00146;13;Firm;Open
BDS00147;13;Firm;Open
BDS00148;13;Foam;Closed
BDS00149;13;Foam;Closed
BDS00150;13;Foam;Closed
BDS00151;13;Foam;Open
BDS00152;13;Foam;Open
BDS00153;13;Foam;Open
BDS00154;13;Firm;Closed
BDS00155;13;Firm;Closed
BDS00156;13;Firm;Closed
BDS00157;14;Firm;Closed
BDS00158;14;Firm;Closed
BDS00159;14;Firm;Closed
BDS00160;14;Firm;Open
BDS00161;14;Firm;Open
BDS00162;14;Firm;Open
BDS00163;14;Foam;Closed
BDS00164;14;Foam;Closed
BDS00165;14;Foam;Closed
BDS00166;14;Foam;Open
BDS00167;14;Foam;Open
BDS00168;14;Foam;Open
BDS00169;15;Foam;Open
BDS00170;15;Foam;Open
BDS00171;15;Foam;Open
BDS00172;15;Firm;Open
BDS00173;15;Firm;Open
BDS00174;15;Firm;Open
BDS00175;15;Firm;Closed
BDS00176;15;Firm;Closed
BDS00177;15;Firm;Closed
BDS00178;15;Foam;Closed
BDS00179;15;Foam;Closed
BDS00180;15;Foam;Closed
BDS00181;16;Foam;Open
BDS00182;16;Foam;Open
BDS00183;16;Foam;Open
BDS00184;16;Foam;Closed
BDS00185;16;Foam;Closed
BDS00186;16;Foam;Closed
BDS00187;16;Firm;Closed
BDS00188;16;Firm;Closed
BDS00189;16;Firm;Closed
BDS00190;16;Firm;Open
BDS00191;16;Firm;Open
BDS00192;16;Firm;Open
BDS00193;17;Foam;Closed
BDS00194;17;Foam;Closed
BDS00195;17;Foam;Closed
BDS00196;17;Firm;Closed
BDS00197;17;Firm;Closed
BDS00198;17;Firm;Closed
BDS00199;17;Foam;Open
BDS00200;17;Foam;Open
BDS00201;17;Foam;Open
BDS00202;17;Firm;Open
BDS00203;17;Firm;Open
BDS00204;17;Firm;Open
BDS00205;18;Foam;Closed
BDS00206;18;Foam;Closed
BDS00207;18;Foam;Closed
BDS00208;18;Foam;Open
BDS00209;18;Foam;Open
BDS00210;18;Foam;Open
BDS00211;18;Firm;Open
BDS00212;18;Firm;Open
BDS00213;18;Firm;Open
BDS00214;18;Firm;Closed
BDS00215;18;Firm;Closed
BDS00216;18;Firm;Closed
BDS00217;19;Firm;Closed
BDS00218;19;Firm;Closed
BDS00219;19;Firm;Closed
BDS00220;19;Foam;Closed
BDS00221;19;Foam;Closed
BDS00222;19;Foam;Closed
BDS00223;19;Firm;Open
BDS00224;19;Firm;Open
BDS00225;19;Firm;Open
BDS00226;19;Foam;Open
BDS00227;19;Foam;Open
BDS00228;19;Foam;Open
BDS00229;20;Firm;Open
BDS00230;20;Firm;Open
BDS00231;20;Firm;Open
BDS00232;20;Foam;Closed
BDS00233;20;Foam;Closed
BDS00234;20;Foam;Closed
BDS00235;20;Foam;Open
BDS00236;20;Foam;Open
BDS00237;20;Foam;Open
BDS00238;20;Firm;Closed
BDS00239;20;Firm;Closed
BDS00240;20;Firm;Closed
BDS00241;21;Foam;Closed
BDS00242;21;Foam;Closed
BDS00243;21;Foam;Closed
BDS00244;21;Firm;Closed
BDS00245;21;Firm;Closed
BDS00246;21;Firm;Closed
BDS00247;21;Foam;Open
BDS00248;21;Foam;Open
BDS00249;21;Foam;Open
BDS00250;21;Firm;Open
BDS00251;21;Firm;Open
BDS00252;21;Firm;Open
BDS00253;22;Foam;Open
BDS00254;22;Foam;Open
BDS00255;22;Foam;Open
BDS00256;22;Firm;Closed
BDS00257;22;Firm;Closed
BDS00258;22;Firm;Closed
BDS00259;22;Foam;Closed
BDS00260;22;Foam;Closed
BDS00261;22;Foam;Closed
BDS00262;22;Firm;Open
BDS00263;22;Firm;Open
BDS00264;22;Firm;Open
BDS00265;23;Foam;Open
BDS00266;23;Foam;Open
BDS00267;23;Foam;Open
BDS00268;23;Firm;Closed
BDS00269;23;Firm;Closed
BDS00270;23;Firm;Closed
BDS00271;23;Firm;Open
BDS00272;23;Firm;Open
BDS00273;23;Firm;Open
BDS00274;23;Foam;Closed
BDS00275;23;Foam;Closed
BDS00276;23;Foam;Closed
BDS00277;24;Foam;Open
BDS00278;24;Foam;Open
BDS00279;24;Foam;Open
BDS00280;24;Firm;Open
BDS00281;24;Firm;Open
BDS00282;24;Firm;Open
BDS00283;24;Firm;Closed
BDS00284;24;Firm;Closed
BDS00285;24;Firm;Closed
BDS00286;24;Foam;Closed
BDS00287;24;Foam;Closed
BDS00288;24;Foam;Closed
BDS00289;25;Foam;Open
BDS00290;25;Foam;Open
BDS00291;25;Foam;Open
BDS00292;25;Firm;Open
BDS00293;25;Firm;Open
BDS00294;25;Firm;Open
BDS00295;25;Foam;Closed
BDS00296;25;Foam;Closed
BDS00297;25;Foam;Closed
BDS00298;25;Firm;Closed
BDS00299;25;Firm;Closed
BDS00300;25;Firm;Closed
BDS00301;26;Foam;Closed
BDS00302;26;Foam;Closed
BDS00303;26;Foam;Closed
BDS00304;26;Firm;Closed
BDS00305;26;Firm;Closed
BDS00306;26;Firm;Closed
BDS00307;26;Foam;Open
BDS00308;26;Foam;Open
BDS00309;26;Foam;Open
BDS00310;26;Firm;Open
BDS00311;26;Firm;Open
BDS00312;26;Firm;Open
BDS00313;27;Firm;Closed
BDS00314;27;Firm;Closed
BDS00315;27;Firm;Closed
BDS00316;27;Foam;Open
BDS00317;27;Foam;Open
BDS00318;27;Foam;Open
BDS00319;27;Firm;Open
BDS00320;27;Firm;Open
BDS00321;27;Firm;Open
BDS00322;27;Foam;Closed
BDS00323;27;Foam;Closed
BDS00324;27;Foam;Closed
BDS00325;28;Foam;Closed
BDS00326;28;Foam;Closed
BDS00327;28;Foam;Closed
BDS00328;28;Firm;Closed
BDS00329;28;Firm;Closed
BDS00330;28;Firm;Closed
BDS00331;28;Foam;Open
BDS00332;28;Foam;Open
BDS00333;28;Foam;Open
BDS00334;28;Firm;Open
BDS00335;28;Firm;Open
BDS00336;28;Firm;Open
BDS00337;29;Foam;Open
BDS00338;29;Foam;Open
BDS00339;29;Foam;Open
BDS00340;29;Firm;Closed
BDS00341;29;Firm;Closed
BDS00342;29;Firm;Closed
BDS00343;29;Foam;Closed
BDS00344;29;Foam;Closed
BDS00345;29;Foam;Closed
BDS00346;29;Firm;Open
BDS00347;29;Firm;Open
BDS00348;29;Firm;Open
BDS00349;30;Foam;Open
BDS00350;30;Foam;Open
BDS00351;30;Foam;Open
BDS00352;30;Foam;Closed
BDS00353;30;Foam;Closed
BDS00354;30;Foam;Closed
BDS00355;30;Firm;Closed
BDS00356;30;Firm;Closed
BDS00357;30;Firm;Closed
BDS00358;30;Firm;Open
BDS00359;30;Firm;Open
BDS00360;30;Firm;Open
BDS00361;31;Foam;Open
BDS00362;31;Foam;Open
BDS00363;31;Foam;Open
BDS00364;31;Foam;Closed
BDS00365;31;Foam;Closed
BDS00366;31;Foam;Closed
BDS00367;31;Firm;Closed
BDS00368;31;Firm;Closed
BDS00369;31;Firm;Closed
BDS00370;31;Firm;Open
BDS00371;31;Firm;Open
BDS00372;31;Firm;Open
BDS00373;32;Foam;Closed
BDS00374;32;Foam;Closed
BDS00375;32;Foam;Closed
BDS00376;32;Firm;Closed
BDS00377;32;Firm;Closed
BDS00378;32;Firm;Closed
BDS00379;32;Foam;Open
BDS00380;32;Foam;Open
BDS00381;32;Foam;Open
BDS00382;32;Firm;Open
BDS00383;32;Firm;Open
BDS00384;32;Firm;Open
BDS00385;33;Foam;Closed
BDS00386;33;Foam;Closed
BDS00387;33;Foam;Closed
BDS00388;33;Firm;Closed
BDS00389;33;Firm;Closed
BDS00390;33;Firm;Closed
BDS00391;33;Firm;Open
BDS00392;33;Firm;Open
BDS00393;33;Firm;Open
BDS00394;33;Foam;Open
BDS00395;33;Foam;Open
BDS00396;33;Foam;Open
BDS00397;34;Firm;Open
BDS00398;34;Firm;Open
BDS00399;34;Firm;Open
BDS00400;34;Foam;Closed
BDS00401;34;Foam;Closed
BDS00402;34;Foam;Closed
BDS00403;34;Firm;Closed
BDS00404;34;Firm;Closed
BDS00405;34;Firm;Closed
BDS00406;34;Foam;Open
BDS00407;34;Foam;Open
BDS00408;34;Foam;Open
BDS00409;35;Firm;Closed
BDS00410;35;Firm;Closed
BDS00411;35;Firm;Closed
BDS00412;35;Foam;Open
BDS00413;35;Foam;Open
BDS00414;35;Foam;Open
BDS00415;35;Firm;Open
BDS00416;35;Firm;Open
BDS00417;35;Firm;Open
BDS00418;35;Foam;Closed
BDS00419;35;Foam;Closed
BDS00420;35;Foam;Closed
BDS00421;36;Firm;Closed
BDS00422;36;Firm;Closed
BDS00423;36;Firm;Closed
BDS00424;36;Foam;Open
BDS00425;36;Foam;Open
BDS00426;36;Foam;Open
BDS00427;36;Foam;Closed
BDS00428;36;Foam;Closed
BDS00429;36;Foam;Closed
BDS00430;36;Firm;Open
BDS00431;36;Firm;Open
BDS00432;36;Firm;Open
BDS00433;37;Foam;Closed
BDS00434;37;Foam;Closed
BDS00435;37;Foam;Closed
BDS00436;37;Firm;Closed
BDS00437;37;Firm;Closed
BDS00438;37;Firm;Closed
BDS00439;37;Firm;Open
BDS00440;37;Firm;Open
BDS00441;37;Firm;Open
BDS00442;37;Foam;Open
BDS00443;37;Foam;Open
BDS00444;37;Foam;Open
BDS00445;38;Firm;Open
BDS00446;38;Firm;Open
BDS00447;38;Firm;Open
BDS00448;38;Foam;Open
BDS00449;38;Foam;Open
BDS00450;38;Foam;Open
BDS00451;38;Firm;Closed
BDS00452;38;Firm;Closed
BDS00453;38;Firm;Closed
BDS00454;38;Foam;Closed
BDS00455;38;Foam;Closed
BDS00456;38;Foam;Closed
BDS00457;39;Firm;Open
BDS00458;39;Firm;Open
BDS00459;39;Firm;Open
BDS00460;39;Foam;Open
BDS00461;39;Foam;Open
BDS00462;39;Foam;Open
BDS00463;39;Firm;Closed
BDS00464;39;Firm;Closed
BDS00465;39;Firm;Closed
BDS00466;39;Foam;Closed
BDS00467;39;Foam;Closed
BDS00468;39;Foam;Closed
BDS00469;40;Foam;Open
BDS00470;40;Foam;Open
BDS00471;40;Foam;Open
BDS00472;40;Firm;Closed
BDS00473;40;Firm;Closed
BDS00474;40;Firm;Closed
BDS00475;40;Firm;Open
BDS00476;40;Firm;Open
BDS00477;40;Firm;Open
BDS00478;40;Foam;Closed
BDS00479;40;Foam;Closed
BDS00480;40;Foam;Closed
BDS00481;41;Firm;Open
BDS00482;41;Firm;Open
BDS00483;41;Firm;Open
BDS00484;41;Firm;Closed
BDS00485;41;Firm;Closed
BDS00486;41;Firm;Closed
BDS00487;41;Foam;Closed
BDS00488;41;Foam;Closed
BDS00489;41;Foam;Closed
BDS00490;41;Foam;Open
BDS00491;41;Foam;Open
BDS00492;41;Foam;Open
BDS00493;42;Firm;Closed
BDS00494;42;Firm;Closed
BDS00495;42;Firm;Closed
BDS00496;42;Firm;Open
BDS00497;42;Firm;Open
BDS00498;42;Firm;Open
BDS00499;42;Foam;Open
BDS00500;42;Foam;Open
BDS00501;42;Foam;Open
BDS00502;42;Foam;Closed
BDS00503;42;Foam;Closed
BDS00504;42;Foam;Closed
BDS00505;43;Foam;Closed
BDS00506;43;Foam;Closed
BDS00507;43;Foam;Closed
BDS00508;43;Foam;Open
BDS00509;43;Foam;Open
BDS00510;43;Foam;Open
BDS00511;43;Firm;Open
BDS00512;43;Firm;Open
BDS00513;43;Firm;Open
BDS00514;43;Firm;Closed
BDS00515;43;Firm;Closed
BDS00516;43;Firm;Closed
BDS00517;44;Foam;Open
BDS00518;44;Foam;Open
BDS00519;44;Foam;Open
BDS00520;44;Firm;Closed
BDS00521;44;Firm;Closed
BDS00522;44;Firm;Closed
BDS00523;44;Firm;Open
BDS00524;44;Firm;Open
BDS00525;44;Firm;Open
BDS00526;44;Foam;Closed
BDS00527;44;Foam;Closed
BDS00528;44;Foam;Closed
BDS00529;45;Foam;Open
BDS00530;45;Foam;Open
BDS00531;45;Foam;Open
BDS00532;45;Foam;Closed
BDS00533;45;Foam;Closed
BDS00534;45;Foam;Closed
BDS00535;45;Firm;Closed
BDS00536;45;Firm;Closed
BDS00537;45;Firm;Closed
BDS00538;45;Firm;Open
BDS00539;45;Firm;Open
BDS00540;45;Firm;Open
BDS00541;46;Foam;Open
BDS00542;46;Foam;Open
BDS00543;46;Foam;Open
BDS00544;46;Firm;Closed
BDS00545;46;Firm;Closed
BDS00546;46;Firm;Closed
BDS00547;46;Foam;Closed
BDS00548;46;Foam;Closed
BDS00549;46;Foam;Closed
BDS00550;46;Firm;Open
BDS00551;46;Firm;Open
BDS00552;46;Firm;Open
BDS00553;47;Firm;Open
BDS00554;47;Firm;Open
BDS00555;47;Firm;Open
BDS00556;47;Foam;Open
BDS00557;47;Foam;Open
BDS00558;47;Foam;Open
BDS00559;47;Foam;Closed
BDS00560;47;Foam;Closed
BDS00561;47;Foam;Closed
BDS00562;47;Firm;Closed
BDS00563;47;Firm;Closed
BDS00564;47;Firm;Closed
BDS00565;48;Foam;Closed
BDS00566;48;Foam;Closed
BDS00567;48;Foam;Closed
BDS00568;48;Firm;Closed
BDS00569;48;Firm;Closed
BDS00570;48;Firm;Closed
BDS00571;48;Foam;Open
BDS00572;48;Foam;Open
BDS00573;48;Foam;Open
BDS00574;48;Firm;Open
BDS00575;48;Firm;Open
BDS00576;48;Firm;Open
BDS00577;49;Firm;Closed
BDS00578;49;Firm;Closed
BDS00579;49;Firm;Closed
BDS00580;49;Foam;Closed
BDS00581;49;Foam;Closed
BDS00582;49;Foam;Closed
BDS00583;49;Firm;Open
BDS00584;49;Firm;Open
BDS00585;49;Firm;Open
BDS00586;49;Foam;Open
BDS00587;49;Foam;Open
BDS00588;49;Foam;Open
BDS00589;50;Firm;Closed
BDS00590;50;Firm;Closed
BDS00591;50;Firm;Closed
BDS00592;50;Foam;Open
BDS00593;50;Foam;Open
BDS00594;50;Foam;Open
BDS00595;50;Firm;Open
BDS00596;50;Firm;Open
BDS00597;50;Firm;Open
BDS00598;50;Foam;Closed
BDS00599;50;Foam;Closed
BDS00600;50;Foam;Closed
BDS00601;51;Firm;Closed
BDS00602;51;Firm;Closed
BDS00603;51;Firm;Closed
BDS00604;51;Foam;Open
BDS00605;51;Foam;Open
BDS00606;51;Foam;Open
BDS00607;51;Firm;Open
BDS00608;51;Firm;Open
BDS00609;51;Firm;Open
BDS00610;51;Foam;Closed
BDS00611;51;Foam;Closed
BDS00612;51;Foam;Closed
BDS00613;52;Foam;Open
BDS00614;52;Foam;Open
BDS00615;52;Foam;Open
BDS00616;52;Foam;Closed
BDS00617;52;Foam;Closed
BDS00618;52;Foam;Closed
BDS00619;52;Firm;Open
BDS00620;52;Firm;Open
BDS00621;52;Firm;Open
BDS00622;52;Firm;Closed
BDS00623;52;Firm;Closed
BDS00624;52;Firm;Closed
BDS00625;53;Firm;Closed
BDS00626;53;Firm;Closed
BDS00627;53;Firm;Closed
BDS00628;53;Firm;Open
BDS00629;53;Firm;Open
BDS00630;53;Firm;Open
BDS00631;53;Foam;Open
BDS00632;53;Foam;Open
BDS00633;53;Foam;Open
BDS00634;53;Foam;Closed
BDS00635;53;Foam;Closed
BDS00636;53;Foam;Closed
BDS00637;54;Firm;Closed
BDS00638;54;Firm;Closed
BDS00639;54;Firm;Closed
BDS00640;54;Foam;Closed
BDS00641;54;Foam;Closed
BDS00642;54;Foam;Closed
BDS00643;54;Firm;Open
BDS00644;54;Firm;Open
BDS00645;54;Firm;Open
BDS00646;54;Foam;Open
BDS00647;54;Foam;Open
BDS00648;54;Foam;Open
BDS00649;55;Firm;Open
BDS00650;55;Firm;Open
BDS00651;55;Firm;Open
BDS00652;55;Foam;Open
BDS00653;55;Foam;Open
BDS00654;55;Foam;Open
BDS00655;55;Firm;Closed
BDS00656;55;Firm;Closed
BDS00657;55;Firm;Closed
BDS00658;55;Foam;Closed
BDS00659;55;Foam;Closed
BDS00660;55;Foam;Closed
BDS00661;56;Firm;Open
BDS00662;56;Firm;Open
BDS00663;56;Firm;Open
BDS00664;56;Foam;Closed
BDS00665;56;Foam;Closed
BDS00666;56;Foam;Closed
BDS00667;56;Foam;Open
BDS00668;56;Foam;Open
BDS00669;56;Foam;Open
BDS00670;56;Firm;Closed
BDS00671;56;Firm;Closed
BDS00672;56;Firm;Closed
BDS00673;57;Foam;Open
BDS00674;57;Foam;Open
BDS00675;57;Foam;Open
BDS00676;57;Foam;Closed
BDS00677;57;Foam;Closed
BDS00678;57;Foam;Closed
BDS00679;57;Firm;Open
BDS00680;57;Firm;Open
BDS00681;57;Firm;Open
BDS00682;57;Firm;Closed
BDS00683;57;Firm;Closed
BDS00684;57;Firm;Closed
BDS00685;58;Foam;Closed
BDS00686;58;Foam;Closed
BDS00687;58;Foam;Closed
BDS00688;58;Firm;Open
BDS00689;58;Firm;Open
BDS00690;58;Firm;Open
BDS00691;58;Firm;Closed
BDS00692;58;Firm;Closed
BDS00693;58;Firm;Closed
BDS00694;58;Foam;Open
BDS00695;58;Foam;Open
BDS00696;58;Foam;Open
BDS00697;59;Firm;Open
BDS00698;59;Firm;Open
BDS00699;59;Firm;Closed
BDS00700;59;Firm;Closed
BDS00701;59;Firm;Closed
BDS00702;59;Firm;Open
BDS00709;60;Firm;Open
BDS00710;60;Firm;Open
BDS00711;60;Firm;Open
BDS00712;60;Firm;Closed
BDS00713;60;Firm;Closed
BDS00714;60;Firm;Closed
BDS00715;60;Foam;Open
BDS00716;60;Foam;Open
BDS00717;60;Foam;Open
BDS00721;61;Firm;Closed
BDS00722;61;Firm;Closed
BDS00723;61;Firm;Closed
BDS00724;61;Foam;Open
BDS00725;61;Foam;Open
BDS00726;61;Foam;Open
BDS00727;61;Foam;Closed
BDS00728;61;Foam;Closed
BDS00729;61;Foam;Closed
BDS00730;61;Firm;Open
BDS00731;61;Firm;Open
BDS00732;61;Firm;Open
BDS00733;62;Foam;Closed
BDS00734;62;Foam;Closed
BDS00735;62;Foam;Closed
BDS00736;62;Foam;Open
BDS00737;62;Foam;Open
BDS00738;62;Foam;Open
BDS00739;62;Firm;Closed
BDS00740;62;Firm;Closed
BDS00741;62;Firm;Closed
BDS00742;62;Firm;Open
BDS00743;62;Firm;Open
BDS00744;62;Firm;Open
BDS00745;63;Foam;Closed
BDS00746;63;Foam;Closed
BDS00747;63;Foam;Closed
BDS00748;63;Firm;Open
BDS00749;63;Firm;Open
BDS00750;63;Firm;Open
BDS00751;63;Firm;Closed
BDS00752;63;Firm;Closed
BDS00753;63;Firm;Closed
BDS00754;63;Foam;Open
BDS00755;63;Foam;Open
BDS00756;63;Foam;Open
BDS00757;64;Firm;Open
BDS00758;64;Firm;Open
BDS00759;64;Firm;Open
BDS00760;64;Foam;Open
BDS00761;64;Foam;Open
BDS00762;64;Foam;Open
BDS00763;64;Firm;Closed
BDS00764;64;Firm;Closed
BDS00765;64;Firm;Closed
BDS00766;64;Foam;Closed
BDS00767;64;Foam;Closed
BDS00768;64;Foam;Closed
BDS00769;65;Firm;Open
BDS00770;65;Firm;Open
BDS00771;65;Firm;Open
BDS00772;65;Foam;Closed
BDS00773;65;Foam;Closed
BDS00774;65;Foam;Closed
BDS00775;65;Firm;Closed
BDS00776;65;Firm;Closed
BDS00777;65;Firm;Closed
BDS00778;65;Foam;Open
BDS00779;65;Foam;Open
BDS00780;65;Foam;Open
BDS00781;66;Foam;Closed
BDS00782;66;Foam;Closed
BDS00783;66;Foam;Closed
BDS00784;66;Foam;Open
BDS00785;66;Foam;Open
BDS00786;66;Foam;Open
BDS00787;66;Firm;Closed
BDS00788;66;Firm;Closed
BDS00789;66;Firm;Closed
BDS00790;66;Firm;Open
BDS00791;66;Firm;Open
BDS00792;66;Firm;Open
BDS00793;67;Firm;Closed
BDS00794;67;Firm;Closed
BDS00795;67;Firm;Closed
BDS00796;67;Firm;Open
BDS00797;67;Firm;Open
BDS00798;67;Firm;Open
BDS00799;67;Foam;Closed
BDS00800;67;Foam;Closed
BDS00801;67;Foam;Closed
BDS00802;67;Foam;Open
BDS00803;67;Foam;Open
BDS00804;67;Foam;Open
BDS00805;68;Firm;Open
BDS00806;68;Firm;Open
BDS00807;68;Firm;Open
BDS00808;68;Foam;Closed
BDS00809;68;Foam;Closed
BDS00810;68;Foam;Closed
BDS00811;68;Foam;Open
BDS00812;68;Foam;Open
BDS00813;68;Foam;Open
BDS00814;68;Firm;Closed
BDS00815;68;Firm;Closed
BDS00816;68;Firm;Closed
BDS00817;69;Foam;Closed
BDS00818;69;Foam;Closed
BDS00819;69;Foam;Closed
BDS00820;69;Foam;Open
BDS00821;69;Foam;Open
BDS00822;69;Foam;Open
BDS00823;69;Firm;Closed
BDS00824;69;Firm;Closed
BDS00825;69;Firm;Closed
BDS00826;69;Firm;Open
BDS00827;69;Firm;Open
BDS00828;69;Firm;Open
BDS00829;70;Firm;Open
BDS00830;70;Firm;Open
BDS00831;70;Firm;Open
BDS00832;70;Foam;Closed
BDS00833;70;Foam;Closed
BDS00834;70;Foam;Closed
BDS00835;70;Foam;Open
BDS00836;70;Foam;Open
BDS00837;70;Foam;Open
BDS00838;70;Firm;Closed
BDS00839;70;Firm;Closed
BDS00840;70;Firm;Closed
BDS00841;71;Firm;Closed
BDS00842;71;Firm;Closed
BDS00843;71;Firm;Closed
BDS00844;71;Foam;Open
BDS00845;71;Foam;Open
BDS00846;71;Foam;Open
BDS00847;71;Foam;Closed
BDS00848;71;Foam;Closed
BDS00849;71;Foam;Closed
BDS00850;71;Firm;Open
BDS00851;71;Firm;Open
BDS00852;71;Firm;Open
BDS00853;72;Foam;Open
BDS00854;72;Foam;Open
BDS00855;72;Foam;Open
BDS00856;72;Firm;Closed
BDS00857;72;Firm;Closed
BDS00858;72;Firm;Closed
BDS00859;72;Foam;Closed
BDS00860;72;Foam;Closed
BDS00861;72;Foam;Closed
BDS00862;72;Firm;Open
BDS00863;72;Firm;Open
BDS00864;72;Firm;Open
BDS00865;73;Firm;Open
BDS00866;73;Firm;Open
BDS00867;73;Firm;Open
BDS00868;73;Foam;Open
BDS00869;73;Foam;Open
BDS00870;73;Foam;Open
BDS00871;73;Foam;Closed
BDS00872;73;Foam;Closed
BDS00873;73;Foam;Closed
BDS00874;73;Firm;Closed
BDS00875;73;Firm;Closed
BDS00876;73;Firm;Closed
BDS00877;74;Firm;Open
BDS00878;74;Firm;Open
BDS00879;74;Firm;Open
BDS00880;74;Foam;Open
BDS00881;74;Foam;Open
BDS00882;74;Foam;Open
BDS00883;74;Firm;Closed
BDS00884;74;Firm;Closed
BDS00885;74;Firm;Closed
BDS00886;74;Foam;Closed
BDS00887;74;Foam;Closed
BDS00888;74;Foam;Closed
BDS00889;75;Firm;Closed
BDS00890;75;Firm;Closed
BDS00891;75;Firm;Closed
BDS00892;75;Firm;Open
BDS00893;75;Firm;Open
BDS00894;75;Firm;Open
BDS00895;75;Foam;Open
BDS00896;75;Foam;Open
BDS00897;75;Foam;Open
BDS00898;75;Foam;Closed
BDS00899;75;Foam;Closed
BDS00900;75;Foam;Closed
BDS00901;76;Foam;Closed
BDS00902;76;Foam;Closed
BDS00903;76;Foam;Closed
BDS00904;76;Firm;Open
BDS00905;76;Firm;Open
BDS00906;76;Firm;Open
BDS00907;76;Firm;Closed
BDS00908;76;Firm;Closed
BDS00909;76;Firm;Closed
BDS00910;76;Foam;Open
BDS00911;76;Foam;Open
BDS00912;76;Foam;Open
BDS00913;77;Firm;Closed
BDS00914;77;Firm;Closed
BDS00915;77;Firm;Closed
BDS00916;77;Foam;Closed
BDS00917;77;Foam;Closed
BDS00918;77;Foam;Closed
BDS00919;77;Firm;Open
BDS00920;77;Firm;Open
BDS00921;77;Firm;Open
BDS00922;77;Foam;Open
BDS00923;77;Foam;Open
BDS00924;77;Foam;Open
BDS00925;78;Foam;Open
BDS00926;78;Foam;Open
BDS00927;78;Foam;Open
BDS00928;78;Firm;Closed
BDS00929;78;Firm;Closed
BDS00930;78;Firm;Closed
BDS00931;78;Firm;Open
BDS00932;78;Firm;Open
BDS00933;78;Firm;Open
BDS00934;78;Foam;Closed
BDS00935;78;Foam;Closed
BDS00936;78;Foam;Closed
BDS00937;79;Foam;Closed
BDS00938;79;Foam;Closed
BDS00939;79;Foam;Closed
BDS00940;79;Firm;Closed
BDS00941;79;Firm;Closed
BDS00942;79;Firm;Closed
BDS00943;79;Firm;Open
BDS00944;79;Firm;Open
BDS00945;79;Firm;Open
BDS00946;79;Foam;Open
BDS00947;79;Foam;Open
BDS00948;79;Foam;Open
BDS00949;80;Foam;Open
BDS00950;80;Foam;Open
BDS00951;80;Foam;Open
BDS00952;80;Firm;Open
BDS00953;80;Firm;Open
BDS00954;80;Firm;Open
BDS00955;80;Firm;Closed
BDS00956;80;Firm;Closed
BDS00957;80;Firm;Closed
BDS00958;80;Foam;Closed
BDS00959;80;Foam;Closed
BDS00960;80;Foam;Closed
BDS00961;81;Foam;Open
BDS00962;81;Foam;Open
BDS00963;81;Foam;Open
BDS00964;81;Foam;Closed
BDS00965;81;Foam;Closed
BDS00966;81;Firm;Closed
BDS00967;81;Firm;Closed
BDS00968;81;Firm;Closed
BDS00969;81;Firm;Open
BDS00970;81;Firm;Open
BDS00971;81;Firm;Open
BDS00972;81;Foam;Closed
BDS00973;82;Foam;Closed
BDS00974;82;Foam;Closed
BDS00975;82;Foam;Closed
BDS00976;82;Firm;Open
BDS00977;82;Firm;Open
BDS00978;82;Firm;Open
BDS00979;82;Foam;Open
BDS00980;82;Foam;Open
BDS00981;82;Foam;Open
BDS00982;82;Firm;Closed
BDS00983;82;Firm;Closed
BDS00984;82;Firm;Closed
BDS00985;83;Foam;Closed
BDS00986;83;Foam;Closed
BDS00987;83;Foam;Closed
BDS00988;83;Firm;Closed
BDS00989;83;Firm;Closed
BDS00990;83;Firm;Closed
BDS00991;83;Foam;Open
BDS00992;83;Foam;Open
BDS00993;83;Foam;Open
BDS00994;83;Firm;Open
BDS00995;83;Firm;Open
BDS00996;83;Firm;Open
BDS00997;84;Foam;Closed
BDS00998;84;Foam;Closed
BDS00999;84;Foam;Closed
BDS01000;84;Firm;Closed
BDS01001;84;Firm;Closed
BDS01002;84;Firm;Closed
BDS01003;84;Foam;Open
BDS01004;84;Foam;Open
BDS01005;84;Foam;Open
BDS01006;84;Firm;Open
BDS01007;84;Firm;Open
BDS01008;84;Firm;Open
BDS01009;85;Foam;Closed
BDS01010;85;Foam;Closed
BDS01011;85;Foam;Open
BDS01012;85;Foam;Open
BDS01013;85;Foam;Open
BDS01014;85;Firm;Open
BDS01015;85;Firm;Open
BDS01016;85;Firm;Open
BDS01017;85;Firm;Closed
BDS01018;85;Firm;Closed
BDS01019;85;Firm;Closed
BDS01020;85;Foam;Closed
BDS01021;86;Firm;Open
BDS01022;86;Firm;Open
BDS01023;86;Firm;Open
BDS01024;86;Firm;Closed
BDS01025;86;Firm;Closed
BDS01026;86;Firm;Closed
BDS01033;87;Firm;Open
BDS01034;87;Firm;Open
BDS01035;87;Firm;Open
BDS01036;87;Foam;Open
BDS01037;87;Foam;Open
BDS01038;87;Foam;Open
BDS01039;87;Foam;Closed
BDS01040;87;Foam;Closed
BDS01041;87;Foam;Closed
BDS01042;87;Firm;Closed
BDS01043;87;Firm;Closed
BDS01044;87;Firm;Closed
BDS01045;88;Firm;Closed
BDS01046;88;Firm;Closed
BDS01047;88;Firm;Closed
BDS01048;88;Firm;Open
BDS01049;88;Firm;Open
BDS01050;88;Firm;Open
BDS01051;88;Foam;Open
BDS01052;88;Foam;Open
BDS01053;88;Foam;Open
BDS01054;88;Foam;Closed
BDS01055;88;Foam;Closed
BDS01056;88;Foam;Closed
BDS01057;89;Foam;Closed
BDS01058;89;Foam;Closed
BDS01059;89;Foam;Closed
BDS01060;89;Firm;Closed
BDS01061;89;Firm;Closed
BDS01062;89;Firm;Closed
BDS01063;89;Foam;Open
BDS01064;89;Foam;Open
BDS01065;89;Foam;Open
BDS01066;89;Firm;Open
BDS01067;89;Firm;Open
BDS01068;89;Firm;Open
BDS01069;90;Foam;Open
BDS01070;90;Foam;Open
BDS01071;90;Foam;Open
BDS01072;90;Firm;Open
BDS01073;90;Firm;Open
BDS01074;90;Firm;Open
BDS01075;90;Foam;Closed
BDS01076;90;Foam;Closed
BDS01077;90;Foam;Closed
BDS01078;90;Firm;Closed
BDS01079;90;Firm;Closed
BDS01080;90;Firm;Closed
BDS01081;91;Firm;Open
BDS01082;91;Firm;Open
BDS01083;91;Firm;Open
BDS01084;91;Foam;Closed
BDS01085;91;Foam;Closed
BDS01086;91;Foam;Closed
BDS01087;91;Foam;Open
BDS01088;91;Foam;Open
BDS01089;91;Foam;Open
BDS01090;91;Firm;Closed
BDS01091;91;Firm;Closed
BDS01092;91;Firm;Closed
BDS01093;92;Firm;Open
BDS01094;92;Firm;Open
BDS01095;92;Firm;Open
BDS01096;92;Foam;Open
BDS01097;92;Foam;Open
BDS01098;92;Foam;Open
BDS01099;92;Foam;Closed
BDS01100;92;Firm;Closed
BDS01101;92;Firm;Closed
BDS01102;92;Firm;Closed
BDS01103;92;Foam;Closed
BDS01104;92;Foam;Closed
BDS01105;93;Firm;Closed
BDS01106;93;Firm;Closed
BDS01107;93;Firm;Closed
BDS01108;93;Foam;Open
BDS01109;93;Foam;Open
BDS01110;93;Foam;Open
BDS01111;93;Foam;Closed
BDS01112;93;Foam;Closed
BDS01113;93;Foam;Closed
BDS01114;93;Firm;Open
BDS01115;93;Firm;Open
BDS01116;93;Firm;Open
BDS01117;94;Firm;Open
BDS01118;94;Firm;Open
BDS01119;94;Firm;Open
BDS01120;94;Firm;Closed
BDS01121;94;Firm;Closed
BDS01122;94;Firm;Closed
BDS01123;94;Foam;Open
BDS01124;94;Foam;Open
BDS01125;94;Foam;Open
BDS01126;94;Foam;Closed
BDS01127;94;Foam;Closed
BDS01128;94;Foam;Closed
BDS01129;95;Firm;Open
BDS01130;95;Firm;Open
BDS01131;95;Firm;Open
BDS01132;95;Foam;Closed
BDS01133;95;Foam;Closed
BDS01134;95;Foam;Closed
BDS01135;95;Foam;Open
BDS01136;95;Foam;Open
BDS01137;95;Foam;Open
BDS01138;95;Firm;Closed
BDS01139;95;Firm;Closed
BDS01140;95;Firm;Closed
BDS01141;96;Foam;Closed
BDS01142;96;Foam;Closed
BDS01143;96;Foam;Closed
BDS01144;96;Firm;Open
BDS01145;96;Firm;Open
BDS01146;96;Firm;Open
BDS01147;96;Firm;Closed
BDS01148;96;Firm;Closed
BDS01149;96;Firm;Closed
BDS01150;96;Foam;Open
BDS01151;96;Foam;Open
BDS01152;96;Foam;Open
BDS01153;97;Firm;Closed
BDS01154;97;Firm;Closed
BDS01155;97;Firm;Closed
BDS01156;97;Firm;Open
BDS01157;97;Firm;Open
BDS01158;97;Firm;Open
BDS01159;97;Foam;Closed
BDS01160;97;Foam;Closed
BDS01161;97;Foam;Closed
BDS01162;97;Foam;Open
BDS01163;97;Foam;Open
BDS01164;97;Foam;Open
BDS01165;98;Foam;Open
BDS01166;98;Foam;Open
BDS01167;98;Foam;Open
BDS01168;98;Firm;Open
BDS01169;98;Firm;Open
BDS01170;98;Firm;Open
BDS01171;98;Foam;Closed
BDS01172;98;Foam;Closed
BDS01173;98;Foam;Closed
BDS01174;98;Firm;Closed
BDS01175;98;Firm;Closed
BDS01176;98;Firm;Closed
BDS01177;99;Foam;Open
BDS01178;99;Foam;Open
BDS01179;99;Foam;Open
BDS01180;99;Firm;Open
BDS01181;99;Firm;Open
BDS01182;99;Firm;Open
BDS01183;99;Firm;Closed
BDS01184;99;Firm;Closed
BDS01185;99;Firm;Closed
BDS01186;99;Foam;Closed
BDS01187;99;Foam;Closed
BDS01188;99;Foam;Closed
BDS01189;100;Foam;Open
BDS01190;100;Foam;Open
BDS01191;100;Foam;Open
BDS01192;100;Firm;Open
BDS01193;100;Firm;Open
BDS01194;100;Firm;Open
BDS01195;100;Foam;Closed
BDS01196;100;Foam;Closed
BDS01197;100;Foam;Closed
BDS01198;100;Firm;Closed
BDS01199;100;Firm;Closed
BDS01200;100;Firm;Closed
BDS01201;101;Firm;Open
BDS01202;101;Firm;Open
BDS01203;101;Firm;Open
BDS01204;101;Firm;Closed
BDS01205;101;Firm;Closed
BDS01206;101;Firm;Closed
BDS01207;101;Foam;Closed
BDS01208;101;Foam;Closed
BDS01209;101;Foam;Closed
BDS01210;101;Foam;Open
BDS01211;101;Foam;Open
BDS01212;101;Foam;Open
BDS01213;102;Foam;Closed
BDS01214;102;Foam;Closed
BDS01215;102;Foam;Closed
BDS01216;102;Firm;Closed
BDS01217;102;Firm;Closed
BDS01218;102;Firm;Closed
BDS01219;102;Firm;Open
BDS01220;102;Firm;Open
BDS01221;102;Firm;Open
BDS01222;102;Foam;Open
BDS01223;102;Foam;Open
BDS01224;102;Foam;Open
BDS01225;103;Firm;Closed
BDS01226;103;Firm;Closed
BDS01227;103;Firm;Closed
BDS01228;103;Foam;Open
BDS01229;103;Foam;Open
BDS01230;103;Foam;Open
BDS01231;103;Foam;Closed
BDS01232;103;Foam;Closed
BDS01233;103;Foam;Closed
BDS01234;103;Firm;Open
BDS01235;103;Firm;Open
BDS01236;103;Firm;Open
BDS01237;104;Foam;Closed
BDS01238;104;Foam;Closed
BDS01239;104;Foam;Closed
BDS01240;104;Firm;Closed
BDS01241;104;Firm;Closed
BDS01242;104;Firm;Closed
BDS01243;104;Foam;Open
BDS01244;104;Foam;Open
BDS01245;104;Foam;Open
BDS01246;104;Firm;Open
BDS01247;104;Firm;Open
BDS01248;104;Firm;Open
BDS01249;105;Foam;Open
BDS01250;105;Foam;Open
BDS01251;105;Foam;Open
BDS01252;105;Firm;Closed
BDS01253;105;Firm;Closed
BDS01254;105;Firm;Closed
BDS01255;105;Foam;Closed
BDS01256;105;Foam;Closed
BDS01257;105;Foam;Closed
BDS01258;105;Firm;Open
BDS01259;105;Firm;Open
BDS01260;105;Firm;Open
BDS01261;106;Firm;Closed
BDS01262;106;Firm;Closed
BDS01263;106;Firm;Closed
BDS01264;106;Foam;Open
BDS01265;106;Foam;Open
BDS01266;106;Foam;Open
BDS01267;106;Firm;Open
BDS01268;106;Firm;Open
BDS01269;106;Firm;Open
BDS01270;106;Foam;Closed
BDS01271;106;Foam;Closed
BDS01272;106;Foam;Closed
BDS01273;107;Firm;Closed
BDS01274;107;Firm;Closed
BDS01275;107;Firm;Closed
BDS01276;107;Foam;Open
BDS01277;107;Foam;Open
BDS01278;107;Foam;Open
BDS01279;107;Firm;Open
BDS01280;107;Firm;Open
BDS01281;107;Firm;Open
BDS01282;107;Foam;Closed
BDS01283;107;Foam;Closed
BDS01284;107;Foam;Closed
BDS01285;108;Firm;Closed
BDS01286;108;Firm;Closed
BDS01287;108;Firm;Closed
BDS01288;108;Foam;Open
BDS01289;108;Foam;Open
BDS01290;108;Foam;Open
BDS01291;108;Foam;Closed
BDS01292;108;Foam;Closed
BDS01293;108;Foam;Closed
BDS01294;108;Firm;Open
BDS01295;108;Firm;Open
BDS01296;108;Firm;Open
BDS01297;109;Firm;Closed
BDS01298;109;Firm;Closed
BDS01299;109;Firm;Closed
BDS01300;109;Foam;Open
BDS01301;109;Foam;Open
BDS01302;109;Foam;Open
BDS01303;109;Foam;Closed
BDS01304;109;Foam;Closed
BDS01305;109;Foam;Closed
BDS01306;109;Firm;Open
BDS01307;109;Firm;Open
BDS01308;109;Firm;Open
BDS01309;110;Foam;Open
BDS01310;110;Foam;Open
BDS01311;110;Foam;Open
BDS01312;110;Firm;Closed
BDS01313;110;Firm;Closed
BDS01314;110;Firm;Closed
BDS01315;110;Firm;Open
BDS01316;110;Firm;Open
BDS01317;110;Firm;Open
BDS01318;110;Foam;Closed
BDS01319;110;Foam;Closed
BDS01320;110;Foam;Closed
BDS01321;111;Foam;Open
BDS01322;111;Foam;Open
BDS01323;111;Foam;Open
BDS01324;111;Foam;Closed
BDS01325;111;Foam;Closed
BDS01326;111;Foam;Closed
BDS01327;111;Firm;Open
BDS01328;111;Firm;Open
BDS01329;111;Firm;Open
BDS01330;111;Firm;Closed
BDS01331;111;Firm;Closed
BDS01332;111;Firm;Closed
BDS01333;112;Firm;Closed
BDS01334;112;Firm;Closed
BDS01335;112;Firm;Closed
BDS01336;112;Foam;Closed
BDS01337;112;Foam;Closed
BDS01338;112;Foam;Closed
BDS01339;112;Firm;Open
BDS01340;112;Firm;Open
BDS01341;112;Firm;Open
BDS01342;112;Foam;Open
BDS01343;112;Foam;Open
BDS01344;112;Foam;Open
BDS01345;113;Firm;Closed
BDS01346;113;Firm;Closed
BDS01347;113;Firm;Closed
BDS01348;113;Firm;Open
BDS01349;113;Firm;Open
BDS01350;113;Firm;Open
BDS01351;113;Foam;Open
BDS01352;113;Foam;Open
BDS01353;113;Foam;Open
BDS01354;113;Foam;Closed
BDS01355;113;Foam;Closed
BDS01356;113;Foam;Closed
BDS01357;114;Firm;Open
BDS01358;114;Firm;Open
BDS01359;114;Firm;Open
BDS01360;114;Firm;Closed
BDS01361;114;Firm;Closed
BDS01362;114;Firm;Closed
BDS01363;114;Foam;Closed
BDS01364;114;Foam;Closed
BDS01365;114;Foam;Closed
BDS01366;114;Foam;Open
BDS01367;114;Foam;Open
BDS01368;114;Foam;Open
BDS01369;115;Firm;Closed
BDS01370;115;Firm;Closed
BDS01371;115;Firm;Closed
BDS01372;115;Foam;Closed
BDS01373;115;Foam;Closed
BDS01374;115;Foam;Closed
BDS01375;115;Foam;Open
BDS01376;115;Foam;Open
BDS01377;115;Foam;Open
BDS01378;115;Firm;Open
BDS01379;115;Firm;Open
BDS01380;115;Firm;Open
BDS01381;116;Foam;Open
BDS01382;116;Foam;Open
BDS01383;116;Foam;Open
BDS01384;116;Foam;Closed
BDS01385;116;Foam;Closed
BDS01386;116;Foam;Closed
BDS01387;116;Firm;Closed
BDS01388;116;Firm;Closed
BDS01389;116;Firm;Closed
BDS01390;116;Firm;Open
BDS01391;116;Firm;Open
BDS01392;116;Firm;Open
BDS01393;117;Foam;Open
BDS01394;117;Foam;Open
BDS01395;117;Foam;Open
BDS01396;117;Firm;Open
BDS01397;117;Firm;Open
BDS01398;117;Firm;Open
BDS01399;117;Firm;Closed
BDS01400;117;Firm;Closed
BDS01401;117;Firm;Closed
BDS01402;117;Foam;Closed
BDS01403;117;Foam;Closed
BDS01404;117;Foam;Closed
BDS01405;118;Firm;Closed
BDS01406;118;Firm;Closed
BDS01407;118;Firm;Closed
BDS01408;118;Foam;Closed
BDS01409;118;Foam;Closed
BDS01410;118;Foam;Closed
BDS01411;118;Foam;Open
BDS01412;118;Foam;Open
BDS01413;118;Foam;Open
BDS01414;118;Firm;Open
BDS01415;118;Firm;Open
BDS01416;118;Firm;Open
BDS01417;119;Foam;Open
BDS01418;119;Foam;Open
BDS01419;119;Foam;Open
BDS01420;119;Firm;Open
BDS01421;119;Firm;Open
BDS01422;119;Firm;Open
BDS01423;119;Firm;Closed
BDS01424;119;Firm;Closed
BDS01425;119;Firm;Closed
BDS01426;119;Foam;Closed
BDS01427;119;Foam;Closed
BDS01428;119;Foam;Closed
BDS01429;120;Foam;Open
BDS01430;120;Foam;Open
BDS01431;120;Foam;Open
BDS01432;120;Firm;Closed
BDS01433;120;Firm;Closed
BDS01434;120;Firm;Closed
BDS01435;120;Foam;Closed
BDS01436;120;Foam;Closed
BDS01437;120;Foam;Closed
BDS01438;120;Firm;Open
BDS01439;120;Firm;Open
BDS01440;120;Firm;Open
BDS01441;121;Foam;Closed
BDS01442;121;Foam;Closed
BDS01443;121;Foam;Closed
BDS01444;121;Foam;Open
BDS01445;121;Foam;Open
BDS01446;121;Foam;Open
BDS01447;121;Firm;Closed
BDS01448;121;Firm;Closed
BDS01449;121;Firm;Closed
BDS01450;121;Firm;Open
BDS01451;121;Firm;Open
BDS01452;121;Firm;Open
BDS01453;122;Firm;Open
BDS01454;122;Firm;Open
BDS01455;122;Firm;Open
BDS01456;122;Firm;Closed
BDS01465;123;Firm;Open
BDS01466;123;Firm;Open
BDS01467;123;Firm;Open
BDS01468;123;Firm;Closed
BDS01469;123;Firm;Closed
BDS01470;123;Firm;Closed
BDS01471;123;Foam;Open
BDS01472;123;Foam;Open
BDS01473;123;Foam;Open
BDS01474;123;Foam;Closed
BDS01475;123;Foam;Closed
BDS01476;123;Foam;Closed
BDS01477;124;Foam;Open
BDS01478;124;Foam;Open
BDS01479;124;Foam;Open
BDS01480;124;Foam;Closed
BDS01481;124;Foam;Closed
BDS01482;124;Foam;Closed
BDS01483;124;Firm;Open
BDS01484;124;Firm;Open
BDS01485;124;Firm;Open
BDS01486;124;Firm;Closed
BDS01487;124;Firm;Closed
BDS01488;124;Firm;Closed
BDS01489;125;Firm;Open
BDS01490;125;Firm;Open
BDS01491;125;Firm;Open
BDS01492;125;Firm;Closed
BDS01493;125;Firm;Closed
BDS01494;125;Firm;Closed
BDS01495;125;Foam;Open
BDS01496;125;Foam;Open
BDS01497;125;Foam;Open
BDS01498;125;Foam;Closed
BDS01499;125;Foam;Closed
BDS01500;125;Foam;Closed
BDS01501;126;Foam;Closed
BDS01502;126;Foam;Closed
BDS01503;126;Foam;Closed
BDS01504;126;Firm;Open
BDS01505;126;Firm;Open
BDS01506;126;Firm;Open
BDS01507;126;Foam;Open
BDS01508;126;Foam;Open
BDS01509;126;Foam;Open
BDS01510;126;Firm;Closed
BDS01511;126;Firm;Closed
BDS01512;126;Firm;Closed
BDS01513;127;Foam;Open
BDS01514;127;Foam;Open
BDS01515;127;Foam;Open
BDS01516;127;Firm;Open
BDS01517;127;Firm;Open
BDS01518;127;Firm;Open
BDS01519;127;Firm;Closed
BDS01520;127;Firm;Closed
BDS01521;127;Firm;Closed
BDS01522;127;Foam;Closed
BDS01523;127;Foam;Closed
BDS01524;127;Foam;Closed
BDS01525;128;Firm;Closed
BDS01526;128;Firm;Closed
BDS01527;128;Firm;Closed
BDS01528;128;Foam;Closed
BDS01529;128;Foam;Closed
BDS01530;128;Foam;Closed
BDS01531;128;Foam;Open
BDS01532;128;Foam;Open
BDS01533;128;Foam;Open
BDS01534;128;Firm;Open
BDS01535;128;Firm;Open
BDS01536;128;Firm;Open
BDS01537;129;Foam;Closed
BDS01538;129;Foam;Closed
BDS01539;129;Foam;Closed
BDS01540;129;Foam;Open
BDS01541;129;Foam;Open
BDS01542;129;Foam;Open
BDS01543;129;Firm;Closed
BDS01544;129;Firm;Closed
BDS01545;129;Firm;Closed
BDS01546;129;Firm;Open
BDS01547;129;Firm;Open
BDS01548;129;Firm;Open
BDS01549;130;Foam;Closed
BDS01550;130;Foam;Closed
BDS01551;130;Foam;Closed
BDS01552;130;Foam;Open
BDS01553;130;Foam;Open
BDS01554;130;Foam;Open
BDS01555;130;Firm;Closed
BDS01556;130;Firm;Closed
BDS01557;130;Firm;Closed
BDS01558;130;Firm;Open
BDS01559;130;Firm;Open
BDS01560;130;Firm;Open
BDS01561;131;Foam;Closed
BDS01562;131;Foam;Closed
BDS01563;131;Foam;Closed
BDS01564;131;Firm;Open
BDS01565;131;Firm;Open
BDS01566;131;Firm;Open
BDS01567;131;Foam;Open
BDS01568;131;Foam;Open
BDS01569;131;Foam;Open
BDS01570;131;Firm;Closed
BDS01571;131;Firm;Closed
BDS01572;131;Firm;Closed
BDS01573;132;Firm;Closed
BDS01574;132;Firm;Closed
BDS01575;132;Firm;Closed
BDS01576;132;Foam;Open
BDS01577;132;Foam;Open
BDS01578;132;Foam;Open
BDS01579;132;Foam;Closed
BDS01580;132;Foam;Closed
BDS01581;132;Foam;Closed
BDS01582;132;Firm;Open
BDS01583;132;Firm;Open
BDS01584;132;Firm;Open
BDS01585;133;Foam;Closed
BDS01586;133;Foam;Closed
BDS01587;133;Foam;Closed
BDS01588;133;Firm;Open
BDS01589;133;Firm;Open
BDS01590;133;Firm;Open
BDS01591;133;Foam;Open
BDS01592;133;Foam;Open
BDS01593;133;Foam;Open
BDS01594;133;Firm;Closed
BDS01595;133;Firm;Closed
BDS01596;133;Firm;Closed
BDS01597;134;Foam;Open
BDS01598;134;Foam;Open
BDS01599;134;Foam;Open
BDS01600;134;Firm;Open
BDS01601;134;Firm;Open
BDS01602;134;Firm;Open
BDS01603;134;Firm;Closed
BDS01604;134;Firm;Closed
BDS01605;134;Firm;Closed
BDS01609;135;Firm;Open
BDS01610;135;Firm;Open
BDS01611;135;Firm;Open
BDS01612;135;Foam;Open
BDS01613;135;Foam;Open
BDS01614;135;Foam;Open
BDS01615;135;Foam;Closed
BDS01616;135;Foam;Closed
BDS01617;135;Foam;Closed
BDS01618;135;Firm;Closed
BDS01619;135;Firm;Closed
BDS01620;135;Firm;Closed
BDS01621;136;Firm;Closed
BDS01622;136;Firm;Closed
BDS01623;136;Firm;Closed
BDS01624;136;Foam;Open
BDS01625;136;Foam;Open
BDS01626;136;Firm;Open
BDS01627;136;Firm;Open
BDS01628;136;Firm;Open
BDS01629;136;Foam;Closed
BDS01630;136;Foam;Closed
BDS01631;136;Foam;Closed
BDS01632;136;Foam;Open
BDS01633;137;Firm;Open
BDS01634;137;Firm;Open
BDS01635;137;Firm;Open
BDS01636;137;Foam;Closed
BDS01637;137;Foam;Closed
BDS01638;137;Foam;Closed
BDS01639;137;Firm;Closed
BDS01640;137;Firm;Closed
BDS01641;137;Firm;Closed
BDS01642;137;Foam;Open
BDS01643;137;Foam;Open
BDS01644;137;Foam;Open
BDS01645;138;Firm;Open
BDS01646;138;Firm;Open
BDS01647;138;Firm;Open
BDS01648;138;Foam;Closed
BDS01649;138;Foam;Closed
BDS01650;138;Foam;Closed
BDS01651;138;Foam;Open
BDS01652;138;Foam;Open
BDS01653;138;Foam;Open
BDS01654;138;Firm;Closed
BDS01655;138;Firm;Closed
BDS01656;138;Firm;Closed
BDS01657;139;Foam;Closed
BDS01658;139;Foam;Closed
BDS01659;139;Foam;Closed
BDS01660;139;Foam;Open
BDS01661;139;Foam;Open
BDS01662;139;Foam;Open
BDS01663;139;Firm;Open
BDS01664;139;Firm;Open
BDS01665;139;Firm;Open
BDS01666;139;Firm;Closed
BDS01667;139;Firm;Closed
BDS01668;139;Firm;Closed
BDS01669;140;Firm;Open
BDS01670;140;Firm;Open
BDS01671;140;Firm;Open
BDS01672;140;Firm;Closed
BDS01673;140;Firm;Closed
BDS01674;140;Firm;Closed
BDS01675;140;Foam;Open
BDS01676;140;Foam;Open
BDS01677;140;Foam;Open
BDS01678;140;Foam;Closed
BDS01679;140;Foam;Closed
BDS01680;140;Foam;Closed
BDS01681;141;Firm;Closed
BDS01682;141;Firm;Closed
BDS01683;141;Firm;Closed
BDS01684;141;Firm;Open
BDS01685;141;Firm;Open
BDS01686;141;Firm;Open
BDS01687;141;Foam;Closed
BDS01688;141;Foam;Closed
BDS01689;141;Foam;Closed
BDS01690;141;Foam;Open
BDS01691;141;Foam;Open
BDS01692;141;Foam;Open
BDS01693;142;Firm;Open
BDS01694;142;Firm;Open
BDS01695;142;Firm;Open
BDS01696;142;Foam;Open
BDS01697;142;Foam;Open
BDS01698;142;Foam;Open
BDS01699;142;Firm;Closed
BDS01700;142;Firm;Closed
BDS01701;142;Firm;Closed
BDS01702;142;Foam;Closed
BDS01703;142;Foam;Closed
BDS01704;142;Foam;Closed
BDS01705;143;Foam;Open
BDS01706;143;Foam;Open
BDS01707;143;Foam;Open
BDS01708;143;Firm;Closed
BDS01709;143;Firm;Closed
BDS01710;143;Firm;Closed
BDS01711;143;Firm;Open
BDS01712;143;Firm;Open
BDS01713;143;Firm;Open
BDS01714;143;Foam;Closed
BDS01715;143;Foam;Closed
BDS01716;143;Foam;Closed
BDS01717;144;Firm;Closed
BDS01718;144;Firm;Closed
BDS01719;144;Firm;Closed
BDS01720;144;Foam;Closed
BDS01721;144;Foam;Closed
BDS01722;144;Foam;Closed
BDS01723;144;Foam;Open
BDS01724;144;Foam;Open
BDS01725;144;Foam;Open
BDS01726;144;Firm;Open
BDS01727;144;Firm;Open
BDS01728;144;Firm;Open
BDS01729;145;Foam;Open
BDS01730;145;Foam;Open
BDS01731;145;Foam;Open
BDS01732;145;Firm;Open
BDS01733;145;Firm;Open
BDS01734;145;Firm;Open
BDS01735;145;Foam;Closed
BDS01736;145;Foam;Closed
BDS01737;145;Foam;Closed
BDS01738;145;Firm;Closed
BDS01739;145;Firm;Closed
BDS01740;145;Firm;Closed
BDS01741;146;Firm;Open
BDS01742;146;Firm;Open
BDS01743;146;Firm;Open
BDS01744;146;Firm;Closed
BDS01745;146;Firm;Closed
BDS01746;146;Firm;Closed
BDS01747;146;Foam;Open
BDS01748;146;Foam;Open
BDS01749;146;Foam;Open
BDS01750;146;Foam;Closed
BDS01751;146;Foam;Closed
BDS01752;146;Foam;Closed
BDS01753;147;Firm;Closed
BDS01754;147;Firm;Closed
BDS01755;147;Firm;Closed
BDS01756;147;Foam;Open
BDS01757;147;Foam;Open
BDS01758;147;Foam;Open
BDS01759;147;Foam;Closed
BDS01760;147;Foam;Closed
BDS01761;147;Foam;Closed
BDS01762;147;Firm;Open
BDS01763;147;Firm;Open
BDS01764;147;Firm;Open
BDS01765;148;Firm;Closed
BDS01766;148;Firm;Closed
BDS01767;148;Firm;Closed
BDS01768;148;Foam;Closed
BDS01769;148;Foam;Closed
BDS01770;148;Foam;Closed
BDS01771;148;Firm;Open
BDS01772;148;Firm;Open
BDS01773;148;Firm;Open
BDS01774;148;Foam;Open
BDS01775;148;Foam;Open
BDS01776;148;Foam;Open
BDS01777;149;Firm;Closed
BDS01778;149;Firm;Closed
BDS01779;149;Firm;Closed
BDS01780;149;Foam;Closed
BDS01781;149;Foam;Closed
BDS01782;149;Foam;Closed
BDS01783;149;Firm;Open
BDS01784;149;Firm;Open
BDS01785;149;Firm;Open
BDS01786;149;Foam;Open
BDS01787;149;Foam;Open
BDS01788;149;Foam;Open
BDS01789;150;Firm;Open
BDS01790;150;Firm;Open
BDS01791;150;Firm;Open
BDS01792;150;Foam;Closed
BDS01793;150;Foam;Closed
BDS01794;150;Foam;Closed
BDS01795;150;Foam;Open
BDS01796;150;Foam;Open
BDS01797;150;Foam;Open
BDS01798;150;Firm;Closed
BDS01799;150;Firm;Closed
BDS01800;150;Firm;Closed
BDS01801;151;Firm;Closed
BDS01802;151;Firm;Closed
BDS01803;151;Firm;Closed
BDS01804;151;Firm;Open
BDS01805;151;Firm;Open
BDS01806;151;Firm;Open
BDS01807;151;Foam;Open
BDS01808;151;Foam;Open
BDS01809;151;Foam;Open
BDS01810;151;Foam;Closed
BDS01811;151;Foam;Closed
BDS01812;151;Foam;Closed
BDS01813;152;Firm;Closed
BDS01814;152;Firm;Closed
BDS01815;152;Firm;Closed
BDS01816;152;Foam;Open
BDS01817;152;Foam;Open
BDS01818;152;Foam;Open
BDS01819;152;Foam;Closed
BDS01820;152;Foam;Closed
BDS01821;152;Foam;Closed
BDS01822;152;Firm;Open
BDS01823;152;Firm;Open
BDS01824;152;Firm;Open
BDS01825;153;Firm;Open
BDS01826;153;Firm;Open
BDS01827;153;Firm;Open
BDS01828;153;Foam;Open
BDS01829;153;Foam;Open
BDS01830;153;Foam;Open
BDS01831;153;Firm;Closed
BDS01832;153;Firm;Closed
BDS01833;153;Firm;Closed
BDS01834;153;Foam;Closed
BDS01835;153;Foam;Closed
BDS01836;153;Foam;Closed
BDS01837;154;Firm;Open
BDS01838;154;Firm;Open
BDS01839;154;Firm;Open
BDS01840;154;Firm;Closed
BDS01841;154;Firm;Closed
BDS01842;154;Firm;Closed
BDS01843;154;Foam;Closed
BDS01844;154;Foam;Closed
BDS01845;154;Foam;Closed
BDS01846;154;Foam;Open
BDS01847;154;Foam;Open
BDS01848;154;Foam;Open
BDS01849;155;Firm;Closed
BDS01850;155;Firm;Closed
BDS01851;155;Firm;Closed
BDS01852;155;Foam;Open
BDS01853;155;Foam;Open
BDS01854;155;Foam;Open
BDS01855;155;Foam;Closed
BDS01856;155;Foam;Closed
BDS01857;155;Foam;Closed
BDS01858;155;Firm;Open
BDS01859;155;Firm;Open
BDS01860;155;Firm;Open
BDS01861;156;Foam;Closed
BDS01862;156;Foam;Closed
BDS01863;156;Foam;Closed
BDS01864;156;Foam;Open
BDS01865;156;Foam;Open
BDS01866;156;Foam;Open
BDS01867;156;Firm;Open
BDS01868;156;Firm;Open
BDS01869;156;Firm;Open
BDS01870;156;Firm;Closed
BDS01871;156;Firm;Closed
BDS01872;156;Firm;Closed
BDS01873;157;Firm;Open
BDS01874;157;Firm;Open
BDS01875;157;Firm;Open
BDS01876;157;Foam;Open
BDS01877;157;Foam;Open
BDS01878;157;Foam;Open
BDS01879;157;Firm;Closed
BDS01880;157;Firm;Closed
BDS01881;157;Firm;Closed
BDS01882;157;Foam;Closed
BDS01883;157;Foam;Closed
BDS01884;157;Foam;Closed
BDS01885;158;Foam;Open
BDS01886;158;Foam;Open
BDS01887;158;Foam;Open
BDS01888;158;Firm;Open
BDS01889;158;Firm;Open
BDS01890;158;Firm;Open
BDS01891;158;Foam;Closed
BDS01892;158;Foam;Closed
BDS01893;158;Foam;Closed
BDS01894;158;Firm;Closed
BDS01895;158;Firm;Closed
BDS01896;158;Firm;Closed
BDS01897;159;Firm;Open
BDS01898;159;Firm;Open
BDS01899;159;Firm;Open
BDS01900;159;Foam;Closed
BDS01901;159;Foam;Closed
BDS01902;159;Foam;Closed
BDS01903;159;Foam;Open
BDS01904;159;Foam;Open
BDS01905;159;Foam;Open
BDS01906;159;Firm;Closed
BDS01907;159;Firm;Closed
BDS01908;159;Firm;Closed
BDS01909;160;Foam;Open
BDS01910;160;Foam;Open
BDS01911;160;Foam;Open
BDS01912;160;Foam;Closed
BDS01913;160;Foam;Closed
BDS01914;160;Foam;Closed
BDS01915;160;Firm;Open
BDS01916;160;Firm;Open
BDS01917;160;Firm;Open
BDS01918;160;Firm;Closed
BDS01919;160;Firm;Closed
BDS01920;160;Firm;Closed
BDS01921;161;Firm;Open
BDS01922;161;Firm;Open
BDS01923;161;Firm;Open
BDS01924;161;Firm;Closed
BDS01925;161;Firm;Closed
BDS01926;161;Firm;Closed
BDS01927;161;Foam;Closed
BDS01928;161;Foam;Closed
BDS01929;161;Foam;Closed
BDS01930;161;Foam;Open
BDS01931;161;Foam;Open
BDS01932;161;Foam;Open
BDS01933;162;Foam;Closed
BDS01934;162;Foam;Closed
BDS01935;162;Foam;Closed
BDS01936;162;Firm;Closed
BDS01937;162;Firm;Closed
BDS01938;162;Firm;Closed
BDS01939;162;Firm;Open
BDS01940;162;Firm;Open
BDS01941;162;Firm;Open
BDS01942;162;Foam;Open
BDS01943;162;Foam;Open
BDS01944;162;Foam;Open
BDS01945;163;Firm;Closed
BDS01946;163;Firm;Closed
BDS01947;163;Firm;Closed
BDS01948;163;Foam;Open
BDS01949;163;Foam;Open
BDS01950;163;Foam;Open
BDS01951;163;Firm;Open
BDS01952;163;Firm;Open
BDS01953;163;Firm;Open
BDS01954;163;Foam;Closed
BDS01955;163;Foam;Closed
BDS01956;163;Foam;Closed
